# Copyright 2019 Materialize, Inc. All rights reserved.
#
# This file is part of Materialize. Materialize may not be used or
# distributed without the express permission of Materialize, Inc.

mode cockroach

statement ok
CREATE TABLE datish (
    a DATE
)

statement ok
INSERT INTO datish VALUES (DATE '2019-12-31')

query T
SELECT a FROM datish
----
2019-12-31

statement ok
CREATE TABLE ts_ish (
    b TIMESTAMP
)

statement ok
INSERT INTO ts_ish VALUES (TIMESTAMP '1969-06-01 10:10:10.410'), (TIMESTAMP '1997-02-03 11:12:59.9'), (TIMESTAMP '2020-01-01 1:2:3.789')

query T rowsort
SELECT b FROM ts_ish
----
1969-06-01 10:10:10.410
1997-02-03 11:12:59.900
2020-01-01 01:02:03.789


query T
SELECT INTERVAL '1' MONTH
----
1 month

query T
SELECT INTERVAL '1' YEAR
----
1 year

query T
SELECT INTERVAL '1-3' YEAR TO MONTH
----
1 year 3 months

query T
SELECT INTERVAL '1' MINUTE
----
01:00

statement ok
CREATE TABLE iv_ish (
    b INTERVAL
)

statement ok
INSERT INTO iv_ish VALUES (INTERVAL '1' YEAR), (INTERVAL '3' HOUR), (INTERVAL '4 2' DAY TO HOUR)

query T rowsort
SELECT * FROM iv_ish
----
4 days 02:00:00
1 year
03:00:00

# query T
# SELECT DATE '2000-01-01' + INTERVAL '1' MONTH
