# Copyright 2019 Materialize, Inc. All rights reserved.
#
# This file is part of Materialize. Materialize may not be used or
# distributed without the express permission of Materialize, Inc

mode cockroach

### ascii ###

statement ok
CREATE TABLE asciitest (strcol CHAR(15), vccol VARCHAR(15))

# TODO: materialize#589 Add two tests:
# 1: empty string to each column
# 2: single space in each column
statement ok
INSERT INTO asciitest VALUES ('hello world', 'goodbye moon'), (null, null),
    ('你好', '再见'), ('😀', '👻')

statement error
select ascii(98)

query II colnames
select ascii(strcol) as strres, ascii(vccol) as vcres from asciitest order by strres;
----
strres  vcres
NULL    NULL
104     103
20320   20877
128512  128123

query I
select ascii(null);
----
NULL

#TODO: test that ascii works with string expressions inside
