# Copyright 2019 Materialize, Inc. All rights reserved.
#
# This file is part of Materialize. Materialize may not be used or
# distributed without the express permission of Materialize, Inc.

statement ok
CREATE TABLE part(
    p_partkey       INTEGER PRIMARY KEY,
    p_name          VARCHAR(55),
    p_mfgr          CHAR(25),
    p_brand         CHAR(10),
    p_type          VARCHAR(25),
    p_size          INTEGER,
    p_container     CHAR(10),
    p_retailprice   INTEGER,
    p_comment       VARCHAR(23)
)

statement ok
CREATE TABLE supplier(
    s_suppkey       INTEGER PRIMARY KEY,
    s_name          CHAR(25),
    s_address       VARCHAR(40),
    s_nationkey     INTEGER,
    s_phone         CHAR(15),
    s_acctbal       INTEGER,
    s_comment       VARCHAR(101)
)

statement ok
CREATE TABLE partsupp(
    ps_partkey      INTEGER,
    ps_suppkey      INTEGER,
    ps_availqty     INTEGER,
    ps_supplycost   INTEGER,
    ps_comment      VARCHAR(199)
)

statement ok
CREATE TABLE customer(
    c_custkey       INTEGER PRIMARY KEY,
    c_name          VARCHAR(25),
    c_address       VARCHAR(40),
    c_nationkey     INTEGER,
    c_phone         CHAR(15),
    c_acctbal       INTEGER,
    c_mktsegment    CHAR(10),
    c_comment       VARCHAR(117)
)

statement ok
CREATE TABLE orders(
    o_orderkey      INTEGER PRIMARY KEY,
    o_custkey       INTEGER,
    o_orderstatus   CHAR(1),
    o_totalprice    INTEGER,
    o_orderdate     INTEGER,
    o_orderpriority CHAR(15),
    o_clerk         CHAR(15),
    o_shippriority  INTEGER,
    o_comment       VARCHAR(79)
)

statement ok
CREATE TABLE lineitem(
    l_orderkey      INTEGER,
    l_partkey       INTEGER,
    l_suppkey       INTEGER,
    l_linenumber    INTEGER,
    l_quantity      INTEGER,
    l_extendedprice INTEGER,
    l_discount      INTEGER,
    l_tax           INTEGER,
    l_returnflag    CHAR(1),
    l_linestatus    CHAR(1),
    l_shipdate      INTEGER,
    l_commitdate    INTEGER,
    l_receiptdate   INTEGER,
    l_shipinstruct  CHAR(25),
    l_shipmode      CHAR(10),
    l_comment       VARCHAR(44)
)

statement ok
CREATE TABLE nation(
    n_nationkey     INTEGER PRIMARY KEY,
    n_name          CHAR(25),
    n_regionkey     INTEGER,
    n_comment       VARCHAR(152)
)

statement ok
CREATE TABLE region(
    r_regionkey     INTEGER PRIMARY KEY,
    r_name          CHAR(25),
    r_comment       VARCHAR(152)
)

# Query 01
query TTT valuesort
SELECT
    l_returnflag,
    l_linestatus,
    sum(l_quantity) AS sum_qty,
    sum(l_extendedprice) AS sum_base_price,
    sum(l_extendedprice * (1 - l_discount))
        AS sum_disc_price,
    sum(l_extendedprice * (1 - l_discount) * (1 + l_tax))
        AS sum_charge,
    avg(l_quantity) AS avg_qty,
    avg(l_extendedprice) AS avg_price,
    avg(l_discount) AS avg_disc,
    count(*) AS count_order
FROM
    lineitem
WHERE
    l_shipdate <= DATE '1998-12-01' - '90 days':::INTERVAL
GROUP BY
    l_returnflag, l_linestatus
#ORDER BY
#    l_returnflag, l_linestatus

# Query 02
query TTT valuesort
SELECT
    s_acctbal,
    s_name,
    n_name,
    p_partkey,
    p_mfgr,
    s_address,
    s_phone,
    s_comment
FROM
    part, supplier, partsupp, nation, region
WHERE
    p_partkey = ps_partkey
    AND s_suppkey = ps_suppkey
    AND p_size = 15
    AND p_type LIKE '%BRASS'
    AND s_nationkey = n_nationkey
    AND n_regionkey = r_regionkey
    AND r_name = '[REGION]'
    AND ps_supplycost
        = (
                SELECT
                    min(ps_supplycost)
                FROM
                    partsupp, supplier, nation, region
                WHERE
                    p_partkey = ps_partkey
                    AND s_suppkey = ps_suppkey
                    AND s_nationkey = n_nationkey
                    AND n_regionkey = r_regionkey
                    AND r_name = 'EUROPE'
            )
#ORDER BY
#    s_acctbal DESC, n_name, s_name, p_partkey;

# Query 03
query TTT valuesort
select
    l_orderkey,
    sum(l_extendedprice * (1 - l_discount)) as revenue,
    o_orderdate,
    o_shippriority
from
    customer,
    orders,
    lineitem
where
    c_mktsegment = 'BUILDING'
    and c_custkey = o_custkey
    and l_orderkey = o_orderkey
    and o_orderdate < date '1995-03-15'
    and l_shipdate > date '1995-03-15'
group by
    l_orderkey,
    o_orderdate,
    o_shippriority
#order by
#    revenue desc,
#    o_orderdate;

# Query 04
query TTT valuesort
select
    o_orderpriority,
    count(*) as order_count
from
    orders
where
    o_orderdate >= date '1993-07-01'
    and o_orderdate < date '1993-07-01' + interval '3' month
    and exists (
        select
            *
        from
            lineitem
        where
            l_orderkey = o_orderkey
            and l_commitdate < l_receiptdate
    )
group by
    o_orderpriority
#order by
#    o_orderpriority;

# Query 05
query TTT valuesort
select
    n_name,
    sum(l_extendedprice * (1 - l_discount)) as revenue
from
    customer,
    orders,
    lineitem,
    supplier,
    nation,
    region
where
    c_custkey = o_custkey
    and l_orderkey = o_orderkey
    and l_suppkey = s_suppkey
    and c_nationkey = s_nationkey
    and s_nationkey = n_nationkey
    and n_regionkey = r_regionkey
    and r_name = 'ASIA'
    and o_orderdate >= date '1994-01-01'
    and o_orderdate < date '1994-01-01' + interval '1' year
group by
    n_name
#order by
#    revenue desc;

# Query 06
query TTT valuesort
select
    sum(l_extendedprice * l_discount) as revenue
from
    lineitem
where
    l_shipdate >= date '1994-01-01'
    and l_shipdate < date '1994-01-01' + interval '1' year
    and l_discount between 0.06 - 0.01 and 0.6 + 0.01
    and l_quantity < 24;

# Query 07
query TTT valuesort
select
    supp_nation,
    cust_nation,
    l_year,
    sum(volume) as revenue
from
    (
        select
            n1.n_name as supp_nation,
            n2.n_name as cust_nation,
            extract(year from l_shipdate) as l_year,
            l_extendedprice * (1 - l_discount) as volume
        from
            supplier,
            lineitem,
            orders,
            customer,
            nation n1,
            nation n2
        where
            s_suppkey = l_suppkey
            and o_orderkey = l_orderkey
            and c_custkey = o_custkey
            and s_nationkey = n1.n_nationkey
            and c_nationkey = n2.n_nationkey
            and (
                (n1.n_name = 'FRANCE' and n2.n_name = 'GERMANY')
                or (n1.n_name = 'GERMANY' and n2.n_name = 'FRANCE')
            )
            and l_shipdate between date '1995-01-01' and date '1996-12-31'
    ) as shipping
group by
    supp_nation,
    cust_nation,
    l_year
#order by
#    supp_nation,
#    cust_nation,
#    l_year;

# Query 08
query TTT valuesort
select
    o_year,
    sum(case
        when nation = 'BRAZIL' then volume
        else 0
    end) / sum(volume) as mkt_share
from
    (
        select
            extract(year from o_orderdate) as o_year,
            l_extendedprice * (1 - l_discount) as volume,
            n2.n_name as nation
        from
            part,
            supplier,
            lineitem,
            orders,
            customer,
            nation n1,
            nation n2,
            region
        where
            p_partkey = l_partkey
            and s_suppkey = l_suppkey
            and l_orderkey = o_orderkey
            and o_custkey = c_custkey
            and c_nationkey = n1.n_nationkey
            and n1.n_regionkey = r_regionkey
            and r_name = 'AMERICA'
            and s_nationkey = n2.n_nationkey
            and o_orderdate between date '1995-01-01' and date '1996-12-31'
            and p_type = 'ECONOMY ANODIZED STEEL'
    ) as all_nations
group by
    o_year
#order by
#    o_year;

# Query 09
query TTT valuesort
select
    nation,
    o_year,
    sum(amount) as sum_profit
from
    (
        select
            n_name as nation,
            extract(year from o_orderdate) as o_year,
            l_extendedprice * (1 - l_discount) - ps_supplycost * l_quantity as amount
        from
            part,
            supplier,
            lineitem,
            partsupp,
            orders,
            nation
        where
            s_suppkey = l_suppkey
            and ps_suppkey = l_suppkey
            and ps_partkey = l_partkey
            and p_partkey = l_partkey
            and o_orderkey = l_orderkey
            and s_nationkey = n_nationkey
            and p_name like 'green'
    ) as profit
group by
    nation,
    o_year
#order by
#    nation,
#    o_year desc;

# Query 10
query TTT valuesort
select
    c_custkey,
    c_name,
    sum(l_extendedprice * (1 - l_discount)) as revenue,
    c_acctbal,
    n_name,
    c_address,
    c_phone,
    c_comment
from
    customer,
    orders,
    lineitem,
    nation
where
    c_custkey = o_custkey
    and l_orderkey = o_orderkey
    and o_orderdate >= date '1993-10-01'
    and o_orderdate < date '1993-10-01' + interval '3' month
    and l_returnflag = 'R'
    and c_nationkey = n_nationkey
group by
    c_custkey,
    c_name,
    c_acctbal,
    c_phone,
    n_name,
    c_address,
    c_comment
#order by
#    revenue desc;

# Query 11
query TTT valuesort
select
    ps_partkey,
    sum(ps_supplycost * ps_availqty) as value
from
    partsupp,
    supplier,
    nation
where
    ps_suppkey = s_suppkey
    and s_nationkey = n_nationkey
    and n_name = 'GERMANY'
group by
    ps_partkey having
        sum(ps_supplycost * ps_availqty) > (
            select
                sum(ps_supplycost * ps_availqty) * 0.0001
            from
                partsupp,
                supplier,
                nation
            where
                ps_suppkey = s_suppkey
                and s_nationkey = n_nationkey
                and n_name = 'GERMANY'
        )
#order by
#    value desc;

# Query 12
query TTT valuesort
select
    l_shipmode,
    sum(case
        when o_orderpriority = '1-URGENT'
            or o_orderpriority = '2-HIGH'
            then 1
        else 0
    end) as high_line_count,
    sum(case
        when o_orderpriority <> '1-URGENT'
            and o_orderpriority <> '2-HIGH'
            then 1
        else 0
    end) as low_line_count
from
    orders,
    lineitem
where
    o_orderkey = l_orderkey
    and l_shipmode in ('MAIL', 'SHIP')
    and l_commitdate < l_receiptdate
    and l_shipdate < l_commitdate
    and l_receiptdate >= date '1994-01-01'
    and l_receiptdate < date '1994-01-01' + interval '1' year
group by
    l_shipmode
#order by
#    l_shipmode;

# Query 13
query TTT valuesort
select
    c_count,
    count(*) as custdist
from
    (
        select
            c_custkey,
            count(o_orderkey)
        from
            customer left outer join orders on
                c_custkey = o_custkey
                and o_comment not like '%special%requests%'
        group by
            c_custkey
    ) as c_orders (c_custkey, c_count)
group by
    c_count
#order by
#    custdist desc,
#    c_count desc;

# Query 14
query TTT valuesort
select
    100.00 * sum(case
        when p_type like 'PROMO%'
            then l_extendedprice * (1 - l_discount)
        else 0
    end) / sum(l_extendedprice * (1 - l_discount)) as promo_revenue
from
    lineitem,
    part
where
    l_partkey = p_partkey
    and l_shipdate >= date '1995-09-01'
    and l_shipdate < date '1995-09-01' + interval '1' month;

# Query 15
query TTT valuesort
create view revenue (supplier_no, total_revenue) as
    select
        l_suppkey,
        sum(l_extendedprice * (1 - l_discount))
    from
        lineitem
    where
        l_shipdate >= date '1996-01-01'
        and l_shipdate < date '1996-01-01' + interval '3' month
    group by
        l_suppkey;

query TTT valuesort
select
    s_suppkey,
    s_name,
    s_address,
    s_phone,
    total_revenue
from
    supplier,
    revenue
where
    s_suppkey = supplier_no
    and total_revenue = (
        select
            max(total_revenue)
        from
            revenue:s
    )
#order by
#    s_suppkey;

query TTT valuesort
drop view revenue:s;

# Query 16
query TTT valuesort
select
    p_brand,
    p_type,
    p_size,
    count(distinct ps_suppkey) as supplier_cnt
from
    partsupp,
    part
where
    p_partkey = ps_partkey
    and p_brand <> 'Brand#45'
    and p_type not like 'MEDIUM POLISHED%'
    and p_size in (49, 14, 23, 45, 19, 3, 36, 9)
    and ps_suppkey not in (
        select
            s_suppkey
        from
            supplier
        where
            s_comment like '%Customer%Complaints%'
    )
group by
    p_brand,
    p_type,
    p_size
#order by
#    supplier_cnt desc,
#    p_brand,
#    p_type,
#    p_size;

# Query 17
query TTT valuesort
select
  sum(l_extendedprice) / 7.0 as avg_yearly
from
  lineitem,
  part
where
  p_partkey = l_partkey
  and p_brand = 'Brand#23'
  and p_container = 'MED BOX'
  and l_quantity < (
    select
      0.2 * avg(l_quantity)
    from
      lineitem
    where
      l_partkey = p_partkey
  );

# Query 18
query TTT valuesort
select
    c_name,
    c_custkey,
    o_orderkey,
    o_orderdate,
    o_totalprice,
    sum(l_quantity)
from
    customer,
    orders,
    lineitem
where
    o_orderkey in (
        select
            l_orderkey
        from
            lineitem
        group by
            l_orderkey having
                sum(l_quantity) > 300
    )
    and c_custkey = o_custkey
    and o_orderkey = l_orderkey
group by
    c_name,
    c_custkey,
    o_orderkey,
    o_orderdate,
    o_totalprice
#order by
#    o_totalprice desc,
#    o_orderdate;

# Query 19
query TTT valuesort
select
    sum(l_extendedprice* (1 - l_discount)) as revenue
from
    lineitem,
    part
where
    (
        p_partkey = l_partkey
        and p_brand = 'Brand#12'
        and p_container in ('SM CASE', 'SM BOX', 'SM PACK', 'SM PKG')
        and l_quantity >= 1 and l_quantity <= 1 + 10
        and p_size between 1 and 5
        and l_shipmode in ('AIR', 'AIR REG')
        and l_shipinstruct = 'DELIVER IN PERSON'
    )
    or
    (
        p_partkey = l_partkey
        and p_brand = 'Brand#23'
        and p_container in ('MED BAG', 'MED BOX', 'MED PKG', 'MED PACK')
        and l_quantity >= 10 and l_quantity <= 10 + 10
        and p_size between 1 and 10
        and l_shipmode in ('AIR', 'AIR REG')
        and l_shipinstruct = 'DELIVER IN PERSON'
    )
    or
    (
        p_partkey = l_partkey
        and p_brand = 'Brand#34'
        and p_container in ('LG CASE', 'LG BOX', 'LG PACK', 'LG PKG')
        and l_quantity >= 20 and l_quantity <= 20 + 10
        and p_size between 1 and 15
        and l_shipmode in ('AIR', 'AIR REG')
        and l_shipinstruct = 'DELIVER IN PERSON'
    );

# Query 20
query TTT valuesort
select
    s_name,
    s_address
from
    supplier,
    nation
where
    s_suppkey in (
        select
            ps_suppkey
        from
            partsupp
        where
            ps_partkey in (
                select
                    p_partkey
                from
                    part
                where
                    p_name like 'forest%'
            )
            and ps_availqty > (
                select
                    0.5 * sum(l_quantity)
                from
                    lineitem
                where
                    l_partkey = ps_partkey
                    and l_suppkey = ps_suppkey
                    and l_shipdate >= date '1994-01-01'
                    and l_shipdate < date '1994-01-01' + interval '1' year
            )
    )
    and s_nationkey = n_nationkey
    and n_name = 'CANADA'
#order by
#    s_name;

# Query 21
query TTT valuesort
select
    s_name,
    count(*) as numwait
from
    supplier,
    lineitem l1,
    orders,
    nation
where
    s_suppkey = l1.l_suppkey
    and o_orderkey = l1.l_orderkey
    and o_orderstatus = 'F'
    and l1.l_receiptdate > l1.l_commitdate
    and exists (
        select
            *
        from
            lineitem l2
        where
            l2.l_orderkey = l1.l_orderkey
            and l2.l_suppkey <> l1.l_suppkey
    )
    and not exists (
        select
            *
        from
            lineitem l3
        where
            l3.l_orderkey = l1.l_orderkey
            and l3.l_suppkey <> l1.l_suppkey
            and l3.l_receiptdate > l3.l_commitdate
    )
    and s_nationkey = n_nationkey
    and n_name = 'SAUDI ARABIA'
group by
    s_name
#order by
#    numwait desc,
#    s_name;

# Query 22
query TTT valuesort
SELECT
    cntrycode,
    count(*) AS numcust,
    sum(c_acctbal) AS totacctbal
FROM
    (
        SELECT
            substring(c_phone, 1, 2) AS cntrycode, c_acctbal
        FROM
            customer
        WHERE
            substring(c_phone, 1, 2)
            IN (':1', ':2', ':3', ':4', ':5', ':6', ':7')
            AND c_acctbal
                > (
                        SELECT
                            avg(c_acctbal)
                        FROM
                            customer
                        WHERE
                            c_acctbal > 0.00
                            AND substring(c_phone, 1, 2)
                                IN (
                                        '13',
                                        '31',
                                        '23',
                                        '29',
                                        '30',
                                        '18',
                                        '17'
                                    )
                    )
            AND NOT
                    EXISTS(
                        SELECT
                            *
                        FROM
                            orders
                        WHERE
                            o_custkey = c_custkey
                    )
    )
        AS custsale
GROUP BY
    cntrycode
#ORDER BY
#    cntrycode;

# TODO(fms): add real TPC-H queries.
